[{"model": "products.product", "pk": 2, "fields": {"created_at": "2025-09-19T11:31:53.166Z", "updated_at": "2025-09-19T11:59:30.727Z", "is_deleted": false, "deleted_at": null, "name": "Banana Milk", "description": "It's a delicious drink", "category": 7, "is_active": true}}, {"model": "products.product", "pk": 3, "fields": {"created_at": "2025-09-19T11:32:12.603Z", "updated_at": "2025-09-19T11:44:42.816Z", "is_deleted": false, "deleted_at": null, "name": "Pizza", "description": "pizza", "category": 5, "is_active": true}}, {"model": "products.product", "pk": 4, "fields": {"created_at": "2025-09-19T11:57:07.033Z", "updated_at": "2025-09-19T11:57:07.033Z", "is_deleted": false, "deleted_at": null, "name": "Banana Milk", "description": "It's a delicious drink", "category": 7, "is_active": true}}, {"model": "products.category", "pk": 1, "fields": {"created_at": "2025-09-19T11:28:47.208Z", "updated_at": "2025-09-19T11:28:47.208Z", "is_deleted": false, "deleted_at": null, "name": "drink", "description": "drink", "image": "", "is_active": true, "parent": null}}, {"model": "products.category", "pk": 2, "fields": {"created_at": "2025-09-19T11:29:08.745Z", "updated_at": "2025-09-19T11:29:08.745Z", "is_deleted": false, "deleted_at": null, "name": "Hot drink", "description": "hot drink", "image": "", "is_active": true, "parent": 1}}, {"model": "products.category", "pk": 3, "fields": {"created_at": "2025-09-19T11:29:28.225Z", "updated_at": "2025-09-19T11:29:28.225Z", "is_deleted": false, "deleted_at": null, "name": "Cold drink", "description": "cold drink", "image": "", "is_active": true, "parent": 1}}, {"model": "products.category", "pk": 4, "fields": {"created_at": "2025-09-19T11:30:03.380Z", "updated_at": "2025-09-19T11:30:03.380Z", "is_deleted": false, "deleted_at": null, "name": "Food", "description": "foood", "image": "", "is_active": true, "parent": null}}, {"model": "products.category", "pk": 5, "fields": {"created_at": "2025-09-19T11:30:23.401Z", "updated_at": "2025-09-19T11:30:23.401Z", "is_deleted": false, "deleted_at": null, "name": "Fast food", "description": "fast food", "image": "", "is_active": true, "parent": 4}}, {"model": "products.category", "pk": 6, "fields": {"created_at": "2025-09-19T11:31:03.092Z", "updated_at": "2025-09-19T11:31:03.092Z", "is_deleted": false, "deleted_at": null, "name": "Iranian food", "description": "iranian", "image": "", "is_active": true, "parent": 4}}, {"model": "products.category", "pk": 7, "fields": {"created_at": "2025-09-19T11:31:21.802Z", "updated_at": "2025-09-19T11:31:21.802Z", "is_deleted": false, "deleted_at": null, "name": "Shake", "description": "shake", "image": "", "is_active": true, "parent": 3}}, {"model": "products.productimage", "pk": 1, "fields": {"created_at": "2025-09-19T11:34:06.262Z", "updated_at": "2025-09-19T11:34:06.262Z", "is_deleted": false, "deleted_at": null, "image": "product/Ghormeh-Sabzi-Persian-Herb-Stew-8.jpg", "product": 2}}, {"model": "products.productimage", "pk": 2, "fields": {"created_at": "2025-09-19T11:34:42.686Z", "updated_at": "2025-09-19T11:45:07.494Z", "is_deleted": false, "deleted_at": null, "image": "product/chocolate-ice-cream.jpg", "product": 1}}, {"model": "products.productimage", "pk": 3, "fields": {"created_at": "2025-09-19T11:34:55.863Z", "updated_at": "2025-09-19T11:45:09.990Z", "is_deleted": false, "deleted_at": null, "image": "product/peperoni.jpg", "product": 3}}, {"model": "products.productimage", "pk": 4, "fields": {"created_at": "2025-09-19T13:08:22.579Z", "updated_at": "2025-09-19T13:08:22.581Z", "is_deleted": false, "deleted_at": null, "image": "product/Chelo-Kebab.jpg", "product": 1}}, {"model": "stores.storeitem", "pk": 1, "fields": {"created_at": "2025-09-19T11:38:12.346Z", "updated_at": "2025-09-19T11:38:12.346Z", "is_deleted": false, "deleted_at": null, "stock": 10, "price": "250.00", "discount_price": "0.00", "is_active": true, "product": 3, "store": 2}}, {"model": "stores.storeitem", "pk": 2, "fields": {"created_at": "2025-09-19T11:38:28.721Z", "updated_at": "2025-09-19T11:38:28.721Z", "is_deleted": false, "deleted_at": null, "stock": 0, "price": "300.00", "discount_price": "0.00", "is_active": true, "product": 1, "store": 3}}, {"model": "stores.storeitem", "pk": 3, "fields": {"created_at": "2025-09-19T11:38:48.087Z", "updated_at": "2025-09-19T11:38:48.087Z", "is_deleted": false, "deleted_at": null, "stock": 14, "price": "300.00", "discount_price": "0.00", "is_active": true, "product": 2, "store": 2}}, {"model": "stores.storeitem", "pk": 4, "fields": {"created_at": "2025-09-19T12:04:48.112Z", "updated_at": "2025-09-19T12:04:48.112Z", "is_deleted": false, "deleted_at": null, "stock": 10, "price": "250.00", "discount_price": "0.00", "is_active": true, "product": 3, "store": 2}}, {"model": "sessions.session", "pk": "gjptqfgdhll94oivvj5l44ct4ssg9a1k", "fields": {"session_data": ".eJxVjEEOwiAQRe_C2pChUCgu3XsGMgyDVA0kpV0Z765NutDtf-_9lwi4rSVsnZcwJ3EWSpx-t4j04LqDdMd6a5JaXZc5yl2RB-3y2hI_L4f7d1Cwl29tp8FZUl7r6JQfTDbETBTHrKIHoIkMK2YNnhkQjCMbUY-gMFvvkxXvD95mN_4:1uzag5:inA1jqAoaZXj4OhqbQaF2qj-s2TOhEXS9hjsKc36OSQ", "expire_date": "2025-10-03T12:57:29.285Z"}}, {"model": "sessions.session", "pk": "qm62zpp63suw9hq6jiup5r8zdtgvqqei", "fields": {"session_data": ".eJxVjEEOwiAQRe_C2pChUCgu3XsGMgyDVA0kpV0Z765NutDtf-_9lwi4rSVsnZcwJ3EWSpx-t4j04LqDdMd6a5JaXZc5yl2RB-3y2hI_L4f7d1Cwl29tp8FZUl7r6JQfTDbETBTHrKIHoIkMK2YNnhkQjCMbUY-gMFvvkxXvD95mN_4:1uzSeq:28Uq19KV1710v1XoDogARchGG_PQa4GjT1GOU1O26uY", "expire_date": "2025-10-03T04:23:40.819Z"}}, {"model": "token_blacklist.blacklistedtoken", "pk": 1, "fields": {"token": 1, "blacklisted_at": "2025-09-19T04:39:52.897Z"}}, {"model": "token_blacklist.blacklistedtoken", "pk": 2, "fields": {"token": 2, "blacklisted_at": "2025-09-19T05:22:05.295Z"}}, {"model": "token_blacklist.blacklistedtoken", "pk": 3, "fields": {"token": 3, "blacklisted_at": "2025-09-19T06:37:33.848Z"}}, {"model": "token_blacklist.blacklistedtoken", "pk": 4, "fields": {"token": 4, "blacklisted_at": "2025-09-19T07:19:49.633Z"}}, {"model": "token_blacklist.blacklistedtoken", "pk": 5, "fields": {"token": 5, "blacklisted_at": "2025-09-19T08:27:44.876Z"}}, {"model": "token_blacklist.blacklistedtoken", "pk": 6, "fields": {"token": 6, "blacklisted_at": "2025-09-19T09:07:21.540Z"}}, {"model": "token_blacklist.blacklistedtoken", "pk": 7, "fields": {"token": 7, "blacklisted_at": "2025-09-19T09:07:36.742Z"}}, {"model": "token_blacklist.blacklistedtoken", "pk": 8, "fields": {"token": 8, "blacklisted_at": "2025-09-19T09:40:55.789Z"}}, {"model": "token_blacklist.blacklistedtoken", "pk": 9, "fields": {"token": 9, "blacklisted_at": "2025-09-19T10:12:38.151Z"}}, {"model": "token_blacklist.blacklistedtoken", "pk": 10, "fields": {"token": 10, "blacklisted_at": "2025-09-19T11:52:52.592Z"}}, {"model": "token_blacklist.blacklistedtoken", "pk": 11, "fields": {"token": 12, "blacklisted_at": "2025-09-19T13:19:24.123Z"}}, {"model": "token_blacklist.blacklistedtoken", "pk": 12, "fields": {"token": 14, "blacklisted_at": "2025-09-21T07:47:30.068Z"}}, {"model": "token_blacklist.blacklistedtoken", "pk": 16, "fields": {"token": 20, "blacklisted_at": "2025-09-21T08:52:44.152Z"}}, {"model": "token_blacklist.blacklistedtoken", "pk": 17, "fields": {"token": 21, "blacklisted_at": "2025-09-21T09:23:05.315Z"}}, {"model": "accounts.customuser", "fields": {"created_at": "2025-09-19T03:57:29.186Z", "updated_at": "2025-09-21T07:49:56.371Z", "is_deleted": false, "deleted_at": null, "password": "pbkdf2_sha256$1000000$OtHoh5BeavVPATCCynBWuW$SrrSDZZhqHjrTozioPL9NuI8u46Kw3b2deW/SCAjs6c=", "last_login": "2025-09-19T12:57:29.276Z", "is_superuser": true, "first_name": "Firooz", "last_name": "Hosseini", "is_staff": true, "is_active": true, "date_joined": "2025-09-19T03:57:28Z", "email": "firo744@gmail.com", "phone": "09174116470", "image": "", "is_seller": true, "role": "seller", "groups": [], "user_permissions": []}}, {"model": "accounts.customuser", "fields": {"created_at": "2025-09-19T11:37:13.824Z", "updated_at": "2025-09-19T11:37:13.824Z", "is_deleted": false, "deleted_at": null, "password": "12345678Fh", "last_login": null, "is_superuser": false, "first_name": "Farhad", "last_name": "Soltani", "is_staff": false, "is_active": true, "date_joined": "2025-09-19T11:36:03Z", "email": "firooz.hosseini.ut@gmail.com", "phone": "09174116470", "image": "", "is_seller": false, "role": "customer", "groups": [], "user_permissions": []}}, {"model": "accounts.address", "pk": 1, "fields": {"created_at": "2025-09-19T09:34:19.620Z", "updated_at": "2025-09-21T09:24:10.182Z", "is_deleted": false, "deleted_at": null, "user": ["firo744@gmail.com"], "store": null, "label": "firooz", "address_line_1": "Bandar Abbas, City center", "address_line_2": null, "city": "Bandar Abbas", "state": "Hormozgan", "country": "Iran", "postal_code": "9715421210", "is_default": true}}, {"model": "accounts.address", "pk": 2, "fields": {"created_at": "2025-09-19T09:41:23.775Z", "updated_at": "2025-09-19T09:41:23.775Z", "is_deleted": false, "deleted_at": null, "user": ["firo744@gmail.com"], "store": null, "label": "firooz138", "address_line_1": "Bandar Abbas", "address_line_2": null, "city": "Bandar Abbas", "state": "Hormozgan", "country": "Iran", "postal_code": "9715421210", "is_default": false}}, {"model": "accounts.address", "pk": 3, "fields": {"created_at": "2025-09-19T09:41:50.637Z", "updated_at": "2025-09-21T09:23:28.292Z", "is_deleted": false, "deleted_at": null, "user": ["firo744@gmail.com"], "store": null, "label": "firooz", "address_line_1": "Bandar Abbas, City center", "address_line_2": "serah bargh", "city": "Bandar Abbas", "state": "Hormozgan", "country": "Iran", "postal_code": "9715421210", "is_default": false}}, {"model": "accounts.address", "pk": 4, "fields": {"created_at": "2025-09-19T09:51:32.905Z", "updated_at": "2025-09-19T09:51:32.905Z", "is_deleted": false, "deleted_at": null, "user": ["firo744@gmail.com"], "store": null, "label": "firooz138", "address_line_1": "Bandar Abbas", "address_line_2": null, "city": "Bandar Abbas", "state": "Hormozgan", "country": "Iran", "postal_code": "9715421210", "is_default": false}}, {"model": "accounts.address", "pk": 5, "fields": {"created_at": "2025-09-19T10:06:41.885Z", "updated_at": "2025-09-19T10:06:41.885Z", "is_deleted": false, "deleted_at": null, "user": ["firo744@gmail.com"], "store": null, "label": "firooz138", "address_line_1": "Bandar Abbas", "address_line_2": null, "city": "Bandar Abbas", "state": "Hormozgan", "country": "Iran", "postal_code": "9715421210", "is_default": false}}, {"model": "accounts.address", "pk": 7, "fields": {"created_at": "2025-09-19T10:15:52.745Z", "updated_at": "2025-09-21T09:26:34.147Z", "is_deleted": false, "deleted_at": null, "user": null, "store": 2, "label": "BND", "address_line_1": "Bonak Daran", "address_line_2": null, "city": "Bandar Abbas", "state": "Hormozgan", "country": "Iran", "postal_code": "9715412110", "is_default": true}}, {"model": "stores.store", "pk": 2, "fields": {"created_at": "2025-09-19T06:45:17.214Z", "updated_at": "2025-09-19T13:01:30.399Z", "is_deleted": false, "deleted_at": null, "name": "fastshop5", "description": "An Online fast shop", "seller": ["firo744@gmail.com"]}}, {"model": "stores.store", "pk": 3, "fields": {"created_at": "2025-09-19T11:37:21.341Z", "updated_at": "2025-09-19T11:37:21.341Z", "is_deleted": false, "deleted_at": null, "name": "Anvari Shop", "description": "shiraz anvari", "seller": ["firooz.hosseini.ut@gmail.com"]}}, {"model": "stores.sellerrequest", "pk": 7, "fields": {"created_at": "2025-09-19T05:35:03.662Z", "updated_at": "2025-09-19T05:35:45.900Z", "is_deleted": false, "deleted_at": null, "user": ["firo744@gmail.com"], "status": "approved", "reviewed_at": "2025-09-19T05:35:45.900Z"}}, {"model": "stores.sellerrequest", "pk": 8, "fields": {"created_at": "2025-09-19T12:56:14.754Z", "updated_at": "2025-09-19T12:57:53.288Z", "is_deleted": false, "deleted_at": null, "user": ["firo744@gmail.com"], "status": "approved", "reviewed_at": "2025-09-19T12:57:53.288Z"}}, {"model": "admin.logentry", "pk": 1, "fields": {"action_time": "2025-09-19T04:24:01.940Z", "user": ["firo744@gmail.com"], "content_type": ["stores", "sellerrequest"], "object_id": "3", "object_repr": "None - pernding", "action_flag": 3, "change_message": ""}}, {"model": "admin.logentry", "pk": 2, "fields": {"action_time": "2025-09-19T04:24:01.940Z", "user": ["firo744@gmail.com"], "content_type": ["stores", "sellerrequest"], "object_id": "2", "object_repr": "None - pernding", "action_flag": 3, "change_message": ""}}, {"model": "admin.logentry", "pk": 3, "fields": {"action_time": "2025-09-19T04:24:01.940Z", "user": ["firo744@gmail.com"], "content_type": ["stores", "sellerrequest"], "object_id": "1", "object_repr": "None - pernding", "action_flag": 3, "change_message": ""}}, {"model": "admin.logentry", "pk": 4, "fields": {"action_time": "2025-09-19T04:40:35.672Z", "user": ["firo744@gmail.com"], "content_type": ["stores", "sellerrequest"], "object_id": "4", "object_repr": "None - approved", "action_flag": 3, "change_message": ""}}, {"model": "admin.logentry", "pk": 5, "fields": {"action_time": "2025-09-19T05:34:44.631Z", "user": ["firo744@gmail.com"], "content_type": ["stores", "sellerrequest"], "object_id": "6", "object_repr": "None - approved", "action_flag": 3, "change_message": ""}}, {"model": "admin.logentry", "pk": 6, "fields": {"action_time": "2025-09-19T05:34:44.631Z", "user": ["firo744@gmail.com"], "content_type": ["stores", "sellerrequest"], "object_id": "5", "object_repr": "None - approved", "action_flag": 3, "change_message": ""}}, {"model": "admin.logentry", "pk": 7, "fields": {"action_time": "2025-09-19T11:28:47.212Z", "user": ["firo744@gmail.com"], "content_type": ["products", "category"], "object_id": "1", "object_repr": "drink", "action_flag": 1, "change_message": "[{\"added\": {}}]"}}, {"model": "admin.logentry", "pk": 8, "fields": {"action_time": "2025-09-19T11:29:08.747Z", "user": ["firo744@gmail.com"], "content_type": ["products", "category"], "object_id": "2", "object_repr": "Hot drink", "action_flag": 1, "change_message": "[{\"added\": {}}]"}}, {"model": "admin.logentry", "pk": 9, "fields": {"action_time": "2025-09-19T11:29:28.226Z", "user": ["firo744@gmail.com"], "content_type": ["products", "category"], "object_id": "3", "object_repr": "Cold drink", "action_flag": 1, "change_message": "[{\"added\": {}}]"}}, {"model": "admin.logentry", "pk": 10, "fields": {"action_time": "2025-09-19T11:30:03.381Z", "user": ["firo744@gmail.com"], "content_type": ["products", "category"], "object_id": "4", "object_repr": "Food", "action_flag": 1, "change_message": "[{\"added\": {}}]"}}, {"model": "admin.logentry", "pk": 11, "fields": {"action_time": "2025-09-19T11:30:23.403Z", "user": ["firo744@gmail.com"], "content_type": ["products", "category"], "object_id": "5", "object_repr": "Fast food", "action_flag": 1, "change_message": "[{\"added\": {}}]"}}, {"model": "admin.logentry", "pk": 12, "fields": {"action_time": "2025-09-19T11:31:03.093Z", "user": ["firo744@gmail.com"], "content_type": ["products", "category"], "object_id": "6", "object_repr": "Iranian food", "action_flag": 1, "change_message": "[{\"added\": {}}]"}}, {"model": "admin.logentry", "pk": 13, "fields": {"action_time": "2025-09-19T11:31:21.804Z", "user": ["firo744@gmail.com"], "content_type": ["products", "category"], "object_id": "7", "object_repr": "Shake", "action_flag": 1, "change_message": "[{\"added\": {}}]"}}, {"model": "admin.logentry", "pk": 14, "fields": {"action_time": "2025-09-19T11:31:33.305Z", "user": ["firo744@gmail.com"], "content_type": ["products", "product"], "object_id": "1", "object_repr": "Milk Shake", "action_flag": 1, "change_message": "[{\"added\": {}}]"}}, {"model": "admin.logentry", "pk": 15, "fields": {"action_time": "2025-09-19T11:31:53.167Z", "user": ["firo744@gmail.com"], "content_type": ["products", "product"], "object_id": "2", "object_repr": "Ghorme sabzi", "action_flag": 1, "change_message": "[{\"added\": {}}]"}}, {"model": "admin.logentry", "pk": 16, "fields": {"action_time": "2025-09-19T11:32:12.604Z", "user": ["firo744@gmail.com"], "content_type": ["products", "product"], "object_id": "3", "object_repr": "Pizza", "action_flag": 1, "change_message": "[{\"added\": {}}]"}}, {"model": "admin.logentry", "pk": 17, "fields": {"action_time": "2025-09-19T11:34:06.307Z", "user": ["firo744@gmail.com"], "content_type": ["products", "productimage"], "object_id": "1", "object_repr": "ProductImage object (1)", "action_flag": 1, "change_message": "[{\"added\": {}}]"}}, {"model": "admin.logentry", "pk": 18, "fields": {"action_time": "2025-09-19T11:34:42.688Z", "user": ["firo744@gmail.com"], "content_type": ["products", "productimage"], "object_id": "2", "object_repr": "ProductImage object (2)", "action_flag": 1, "change_message": "[{\"added\": {}}]"}}, {"model": "admin.logentry", "pk": 19, "fields": {"action_time": "2025-09-19T11:34:55.865Z", "user": ["firo744@gmail.com"], "content_type": ["products", "productimage"], "object_id": "3", "object_repr": "ProductImage object (3)", "action_flag": 1, "change_message": "[{\"added\": {}}]"}}, {"model": "admin.logentry", "pk": 20, "fields": {"action_time": "2025-09-19T11:37:13.848Z", "user": ["firo744@gmail.com"], "content_type": ["accounts", "customuser"], "object_id": "2", "object_repr": "firooz.hosseini.ut@gmail.com", "action_flag": 1, "change_message": "[{\"added\": {}}]"}}, {"model": "admin.logentry", "pk": 21, "fields": {"action_time": "2025-09-19T11:37:21.342Z", "user": ["firo744@gmail.com"], "content_type": ["stores", "store"], "object_id": "3", "object_repr": "Anvari Shop", "action_flag": 1, "change_message": "[{\"added\": {}}]"}}, {"model": "admin.logentry", "pk": 22, "fields": {"action_time": "2025-09-19T11:38:12.348Z", "user": ["firo744@gmail.com"], "content_type": ["stores", "storeitem"], "object_id": "1", "object_repr": "Pizza (fastshop)", "action_flag": 1, "change_message": "[{\"added\": {}}]"}}, {"model": "admin.logentry", "pk": 23, "fields": {"action_time": "2025-09-19T11:38:28.723Z", "user": ["firo744@gmail.com"], "content_type": ["stores", "storeitem"], "object_id": "2", "object_repr": "Milk Shake (Anvari Shop)", "action_flag": 1, "change_message": "[{\"added\": {}}]"}}, {"model": "admin.logentry", "pk": 24, "fields": {"action_time": "2025-09-19T11:38:48.089Z", "user": ["firo744@gmail.com"], "content_type": ["stores", "storeitem"], "object_id": "3", "object_repr": "Ghorme sabzi (fastshop)", "action_flag": 1, "change_message": "[{\"added\": {}}]"}}, {"model": "admin.logentry", "pk": 25, "fields": {"action_time": "2025-09-19T11:43:39.167Z", "user": ["firo744@gmail.com"], "content_type": ["accounts", "customuser"], "object_id": "1", "object_repr": "firo744@gmail.com", "action_flag": 2, "change_message": "[{\"changed\": {\"fields\": [\"Image\"]}}]"}}, {"model": "admin.logentry", "pk": 26, "fields": {"action_time": "2025-09-19T11:44:42.817Z", "user": ["firo744@gmail.com"], "content_type": ["products", "product"], "object_id": "3", "object_repr": "Pizza", "action_flag": 2, "change_message": "[]"}}, {"model": "admin.logentry", "pk": 27, "fields": {"action_time": "2025-09-19T11:45:01.542Z", "user": ["firo744@gmail.com"], "content_type": ["products", "productimage"], "object_id": "3", "object_repr": "ProductImage object (3)", "action_flag": 2, "change_message": "[{\"changed\": {\"fields\": [\"Image\"]}}]"}}, {"model": "admin.logentry", "pk": 28, "fields": {"action_time": "2025-09-19T11:45:07.498Z", "user": ["firo744@gmail.com"], "content_type": ["products", "productimage"], "object_id": "2", "object_repr": "ProductImage object (2)", "action_flag": 2, "change_message": "[]"}}, {"model": "admin.logentry", "pk": 29, "fields": {"action_time": "2025-09-19T11:45:09.993Z", "user": ["firo744@gmail.com"], "content_type": ["products", "productimage"], "object_id": "3", "object_repr": "ProductImage object (3)", "action_flag": 2, "change_message": "[]"}}, {"model": "admin.logentry", "pk": 30, "fields": {"action_time": "2025-09-19T13:24:15.392Z", "user": ["firo744@gmail.com"], "content_type": ["products", "product"], "object_id": "6", "object_repr": "test", "action_flag": 1, "change_message": "[{\"added\": {}}]"}}, {"model": "admin.logentry", "pk": 31, "fields": {"action_time": "2025-09-19T13:24:21.759Z", "user": ["firo744@gmail.com"], "content_type": ["products", "product"], "object_id": "6", "object_repr": "test", "action_flag": 2, "change_message": "[{\"changed\": {\"fields\": [\"Is deleted\"]}}]"}}, {"model": "admin.logentry", "pk": 32, "fields": {"action_time": "2025-09-19T13:27:04.113Z", "user": ["firo744@gmail.com"], "content_type": ["products", "product"], "object_id": "7", "object_repr": "Test", "action_flag": 1, "change_message": "[{\"added\": {}}]"}}, {"model": "admin.logentry", "pk": 33, "fields": {"action_time": "2025-09-19T13:27:22.701Z", "user": ["firo744@gmail.com"], "content_type": ["products", "product"], "object_id": "7", "object_repr": "Test", "action_flag": 2, "change_message": "[{\"changed\": {\"fields\": [\"Is deleted\"]}}]"}}, {"model": "admin.logentry", "pk": 34, "fields": {"action_time": "2025-09-21T08:58:50.700Z", "user": ["firo744@gmail.com"], "content_type": ["stores", "store"], "object_id": "4", "object_repr": "Test", "action_flag": 1, "change_message": "[{\"added\": {}}]"}}, {"model": "admin.logentry", "pk": 35, "fields": {"action_time": "2025-09-21T09:06:40.205Z", "user": ["firo744@gmail.com"], "content_type": ["accounts", "customuser"], "object_id": "3", "object_repr": "firo74444@gmail.com", "action_flag": 3, "change_message": ""}}, {"model": "token_blacklist.outstandingtoken", "pk": 1, "fields": {"user": ["firo744@gmail.com"], "jti": "81216ba17d3643d7873cefccc3e87d0d", "token": "eyJhbGciOiJIUzI1NiIsInR5cCI6IkpXVCJ9.eyJ0b2tlbl90eXBlIjoicmVmcmVzaCIsImV4cCI6MTc1ODg1OTIwMSwiaWF0IjoxNzU4MjU0NDAxLCJqdGkiOiI4MTIxNmJhMTdkMzY0M2Q3ODczY2VmY2NjM2U4N2QwZCIsInVzZXJfaWQiOiIxIn0.3AHBegcf44DKKr0JIJp2h-XpAx1ej3KAcqHw5LONqPE", "created_at": "2025-09-19T04:00:01.247Z", "expires_at": "2025-09-26T04:00:01Z"}}, {"model": "token_blacklist.outstandingtoken", "pk": 2, "fields": {"user": ["firo744@gmail.com"], "jti": "63d9ddf37a904d7e898573bd9336c378", "token": "eyJhbGciOiJIUzI1NiIsInR5cCI6IkpXVCJ9.eyJ0b2tlbl90eXBlIjoicmVmcmVzaCIsImV4cCI6MTc1ODg2MTU5MiwiaWF0IjoxNzU4MjU2NzkyLCJqdGkiOiI2M2Q5ZGRmMzdhOTA0ZDdlODk4NTczYmQ5MzM2YzM3OCIsInVzZXJfaWQiOiIxIn0.tsWww9wY8P0u44NIzMPKZuS03JidMTtgqstX5KZVq5c", "created_at": "2025-09-19T04:39:52.848Z", "expires_at": "2025-09-26T04:39:52Z"}}, {"model": "token_blacklist.outstandingtoken", "pk": 3, "fields": {"user": ["firo744@gmail.com"], "jti": "089c779c4c484a249bf80fd61b387f9e", "token": "eyJhbGciOiJIUzI1NiIsInR5cCI6IkpXVCJ9.eyJ0b2tlbl90eXBlIjoicmVmcmVzaCIsImV4cCI6MTc1ODg2NDEyNSwiaWF0IjoxNzU4MjU5MzI1LCJqdGkiOiIwODljNzc5YzRjNDg0YTI0OWJmODBmZDYxYjM4N2Y5ZSIsInVzZXJfaWQiOiIxIn0.g9o015F8bqhDKbUEqGFuypVUilHjinvXWh3ocTms340", "created_at": "2025-09-19T05:22:05.259Z", "expires_at": "2025-09-26T05:22:05Z"}}, {"model": "token_blacklist.outstandingtoken", "pk": 4, "fields": {"user": ["firo744@gmail.com"], "jti": "c669e86a02fb415db421b3da12cce3a9", "token": "eyJhbGciOiJIUzI1NiIsInR5cCI6IkpXVCJ9.eyJ0b2tlbl90eXBlIjoicmVmcmVzaCIsImV4cCI6MTc1ODg2ODY1MywiaWF0IjoxNzU4MjYzODUzLCJqdGkiOiJjNjY5ZTg2YTAyZmI0MTVkYjQyMWIzZGExMmNjZTNhOSIsInVzZXJfaWQiOiIxIn0.Cla7PdL9qhz4xk9oxB0IotFe3qpzV9YwLDYv8poDWgs", "created_at": "2025-09-19T06:37:33.807Z", "expires_at": "2025-09-26T06:37:33Z"}}, {"model": "token_blacklist.outstandingtoken", "pk": 5, "fields": {"user": ["firo744@gmail.com"], "jti": "492b53f3f5ad4382be73ebb0f8ef3e74", "token": "eyJhbGciOiJIUzI1NiIsInR5cCI6IkpXVCJ9.eyJ0b2tlbl90eXBlIjoicmVmcmVzaCIsImV4cCI6MTc1ODg3MTE4OSwiaWF0IjoxNzU4MjY2Mzg5LCJqdGkiOiI0OTJiNTNmM2Y1YWQ0MzgyYmU3M2ViYjBmOGVmM2U3NCIsInVzZXJfaWQiOiIxIn0.vp8SvTN83CGYXnLWj7bVs0zpbGCSNUrhrQb1gkoamJo", "created_at": "2025-09-19T07:19:49.614Z", "expires_at": "2025-09-26T07:19:49Z"}}, {"model": "token_blacklist.outstandingtoken", "pk": 6, "fields": {"user": ["firo744@gmail.com"], "jti": "0ea6c53ca3454453b61a97515c211e7b", "token": "eyJhbGciOiJIUzI1NiIsInR5cCI6IkpXVCJ9.eyJ0b2tlbl90eXBlIjoicmVmcmVzaCIsImV4cCI6MTc1ODg3NTI2NCwiaWF0IjoxNzU4MjcwNDY0LCJqdGkiOiIwZWE2YzUzY2EzNDU0NDUzYjYxYTk3NTE1YzIxMWU3YiIsInVzZXJfaWQiOiIxIn0.0qcdblEajWXDGviKW_QWHsuovL1fmj51NJ3JbvlKh20", "created_at": "2025-09-19T08:27:44.780Z", "expires_at": "2025-09-26T08:27:44Z"}}, {"model": "token_blacklist.outstandingtoken", "pk": 7, "fields": {"user": ["firo744@gmail.com"], "jti": "2d6b0e65b0514bbeaf116846dd8261d3", "token": "eyJhbGciOiJIUzI1NiIsInR5cCI6IkpXVCJ9.eyJ0b2tlbl90eXBlIjoicmVmcmVzaCIsImV4cCI6MTc1ODg3NzY0MSwiaWF0IjoxNzU4MjcyODQxLCJqdGkiOiIyZDZiMGU2NWIwNTE0YmJlYWYxMTY4NDZkZDgyNjFkMyIsInVzZXJfaWQiOiIxIn0.Wcax0QqkA3WaTpumqe6w7lxl5-p8x0Wr2X4CZ_4OTjA", "created_at": "2025-09-19T09:07:21.511Z", "expires_at": "2025-09-26T09:07:21Z"}}, {"model": "token_blacklist.outstandingtoken", "pk": 8, "fields": {"user": ["firo744@gmail.com"], "jti": "6a1f541a9f2e47eba28ee1cfce64da1c", "token": "eyJhbGciOiJIUzI1NiIsInR5cCI6IkpXVCJ9.eyJ0b2tlbl90eXBlIjoicmVmcmVzaCIsImV4cCI6MTc1ODg3NzY1NiwiaWF0IjoxNzU4MjcyODU2LCJqdGkiOiI2YTFmNTQxYTlmMmU0N2ViYTI4ZWUxY2ZjZTY0ZGExYyIsInVzZXJfaWQiOiIxIn0.jhWnvAXHVbFlGi5b0360dGsDyjXuuXFgCOess494bLM", "created_at": "2025-09-19T09:07:36.699Z", "expires_at": "2025-09-26T09:07:36Z"}}, {"model": "token_blacklist.outstandingtoken", "pk": 9, "fields": {"user": ["firo744@gmail.com"], "jti": "2fb2aeaadac843b285233e58d39cd40f", "token": "eyJhbGciOiJIUzI1NiIsInR5cCI6IkpXVCJ9.eyJ0b2tlbl90eXBlIjoicmVmcmVzaCIsImV4cCI6MTc1ODg3OTY1NSwiaWF0IjoxNzU4Mjc0ODU1LCJqdGkiOiIyZmIyYWVhYWRhYzg0M2IyODUyMzNlNThkMzljZDQwZiIsInVzZXJfaWQiOiIxIn0.bosL0Ep49RpAwXAlmWz6B8aJWhMtSbxhGCwf13wikG4", "created_at": "2025-09-19T09:40:55.730Z", "expires_at": "2025-09-26T09:40:55Z"}}, {"model": "token_blacklist.outstandingtoken", "pk": 10, "fields": {"user": ["firo744@gmail.com"], "jti": "8c9278acdf9f4d548cd571869f7e5574", "token": "eyJhbGciOiJIUzI1NiIsInR5cCI6IkpXVCJ9.eyJ0b2tlbl90eXBlIjoicmVmcmVzaCIsImV4cCI6MTc1ODg4MTU1OCwiaWF0IjoxNzU4Mjc2NzU4LCJqdGkiOiI4YzkyNzhhY2RmOWY0ZDU0OGNkNTcxODY5ZjdlNTU3NCIsInVzZXJfaWQiOiIxIn0.s2VMDDzko5pQgmJDfHc79DId3qsQ2c77NtcQ7nJny8s", "created_at": "2025-09-19T10:12:38.137Z", "expires_at": "2025-09-26T10:12:38Z"}}, {"model": "token_blacklist.outstandingtoken", "pk": 11, "fields": {"user": ["firo744@gmail.com"], "jti": "f789e872b7bb43858c0933ace19145a7", "token": "eyJhbGciOiJIUzI1NiIsInR5cCI6IkpXVCJ9.eyJ0b2tlbl90eXBlIjoicmVmcmVzaCIsImV4cCI6MTc1ODg4NzU3MiwiaWF0IjoxNzU4MjgyNzcyLCJqdGkiOiJmNzg5ZTg3MmI3YmI0Mzg1OGMwOTMzYWNlMTkxNDVhNyIsInVzZXJfaWQiOiIxIn0.-t3dZjM6MjtJOcKrQaI4eIjaYNzfdwPf4kuXp1K0NKE", "created_at": "2025-09-19T11:52:52.574Z", "expires_at": "2025-09-26T11:52:52Z"}}, {"model": "token_blacklist.outstandingtoken", "pk": 12, "fields": {"user": ["firo744@gmail.com"], "jti": "42d99bfec3c54761bcaa101ea5eddcba", "token": "eyJhbGciOiJIUzI1NiIsInR5cCI6IkpXVCJ9.eyJ0b2tlbl90eXBlIjoicmVmcmVzaCIsImV4cCI6MTc1ODg5MDY1NSwiaWF0IjoxNzU4Mjg1ODU1LCJqdGkiOiI0MmQ5OWJmZWMzYzU0NzYxYmNhYTEwMWVhNWVkZGNiYSIsInVzZXJfaWQiOiIxIn0.T2ZikzvJX_rMtO_Hnqit2XYuVdNl1-yd5Ua2gLsKH18", "created_at": "2025-09-19T12:44:15.993Z", "expires_at": "2025-09-26T12:44:15Z"}}, {"model": "token_blacklist.outstandingtoken", "pk": 13, "fields": {"user": ["firo744@gmail.com"], "jti": "39a2c699cff04d13a163f38d896da008", "token": "eyJhbGciOiJIUzI1NiIsInR5cCI6IkpXVCJ9.eyJ0b2tlbl90eXBlIjoicmVmcmVzaCIsImV4cCI6MTc1ODg5Mjc2NCwiaWF0IjoxNzU4Mjg3OTY0LCJqdGkiOiIzOWEyYzY5OWNmZjA0ZDEzYTE2M2YzOGQ4OTZkYTAwOCIsInVzZXJfaWQiOiIxIn0.9Gb971ciIfOfLbR4KpgtNttJAWZMesS8eMY-iEmwjcg", "created_at": "2025-09-19T13:19:24.087Z", "expires_at": "2025-09-26T13:19:24Z"}}, {"model": "token_blacklist.outstandingtoken", "pk": 14, "fields": {"user": ["firo744@gmail.com"], "jti": "a2d101ac01984f86983a965626a8e7fd", "token": "eyJhbGciOiJIUzI1NiIsInR5cCI6IkpXVCJ9.eyJ0b2tlbl90eXBlIjoicmVmcmVzaCIsImV4cCI6MTc1OTA0MzcxOCwiaWF0IjoxNzU4NDM4OTE4LCJqdGkiOiJhMmQxMDFhYzAxOTg0Zjg2OTgzYTk2NTYyNmE4ZTdmZCIsInVzZXJfaWQiOiIxIn0.Uoh20Bp01Uem9hyA4iVEv2bVvR0MegAmQ0E9PNFAkEs", "created_at": "2025-09-21T07:15:18.653Z", "expires_at": "2025-09-28T07:15:18Z"}}, {"model": "token_blacklist.outstandingtoken", "pk": 15, "fields": {"user": ["firo744@gmail.com"], "jti": "69dbb4298ef04ee9a4763af272e203f4", "token": "eyJhbGciOiJIUzI1NiIsInR5cCI6IkpXVCJ9.eyJ0b2tlbl90eXBlIjoicmVmcmVzaCIsImV4cCI6MTc1OTA0NTY0OSwiaWF0IjoxNzU4NDQwODQ5LCJqdGkiOiI2OWRiYjQyOThlZjA0ZWU5YTQ3NjNhZjI3MmUyMDNmNCIsInVzZXJfaWQiOiIxIn0.0rSjiUPv-CysQGKTzB91zZD3Zhe4hv09r6me_AknH7A", "created_at": "2025-09-21T07:47:29.915Z", "expires_at": "2025-09-28T07:47:29Z"}}, {"model": "token_blacklist.outstandingtoken", "pk": 16, "fields": {"user": ["firo744@gmail.com"], "jti": "6f554d0b9ff64592abd5cfc4553400b3", "token": "eyJhbGciOiJIUzI1NiIsInR5cCI6IkpXVCJ9.eyJ0b2tlbl90eXBlIjoicmVmcmVzaCIsImV4cCI6MTc1OTA0NTY1MCwiaWF0IjoxNzU4NDQwODUwLCJqdGkiOiI2ZjU1NGQwYjlmZjY0NTkyYWJkNWNmYzQ1NTM0MDBiMyIsInVzZXJfaWQiOiIxIn0.V7qrIJyXRdAGG0OelMJ4q6He0y4PYk6DUhDXdRKkAhs", "created_at": "2025-09-21T07:47:30.058Z", "expires_at": "2025-09-28T07:47:30Z"}}, {"model": "token_blacklist.outstandingtoken", "pk": 17, "fields": {"user": ["firo744@gmail.com"], "jti": "e3dd860c309c4097a3afc5ecc68d7edb", "token": "eyJhbGciOiJIUzI1NiIsInR5cCI6IkpXVCJ9.eyJ0b2tlbl90eXBlIjoicmVmcmVzaCIsImV4cCI6MTc1OTA0NTY0OSwiaWF0IjoxNzU4NDQwODQ5LCJqdGkiOiJlM2RkODYwYzMwOWM0MDk3YTNhZmM1ZWNjNjhkN2VkYiIsInVzZXJfaWQiOiIxIn0.Nq8SO9msYOLzhoRF8mE7tGO4We9EzTFIbP7RnIJPRKI", "created_at": "2025-09-21T07:47:29.926Z", "expires_at": "2025-09-28T07:47:29Z"}}, {"model": "token_blacklist.outstandingtoken", "pk": 18, "fields": {"user": ["firo744@gmail.com"], "jti": "e5957009f68d414da404bb85b9b769e5", "token": "eyJhbGciOiJIUzI1NiIsInR5cCI6IkpXVCJ9.eyJ0b2tlbl90eXBlIjoicmVmcmVzaCIsImV4cCI6MTc1OTA0NTY0OSwiaWF0IjoxNzU4NDQwODQ5LCJqdGkiOiJlNTk1NzAwOWY2OGQ0MTRkYTQwNGJiODViOWI3NjllNSIsInVzZXJfaWQiOiIxIn0.TnhCOqB9fq-ZESXAMl1-LXFYhLjSLEprFYaaHPOu-2I", "created_at": "2025-09-21T07:47:29.947Z", "expires_at": "2025-09-28T07:47:29Z"}}, {"model": "token_blacklist.outstandingtoken", "pk": 19, "fields": {"user": ["firo744@gmail.com"], "jti": "75f913e357144097b8d04ad6fb8646db", "token": "eyJhbGciOiJIUzI1NiIsInR5cCI6IkpXVCJ9.eyJ0b2tlbl90eXBlIjoicmVmcmVzaCIsImV4cCI6MTc1OTA0NjQ1NCwiaWF0IjoxNzU4NDQxNjU0LCJqdGkiOiI3NWY5MTNlMzU3MTQ0MDk3YjhkMDRhZDZmYjg2NDZkYiIsInVzZXJfaWQiOiIxIn0.bLqaCxm_KCW8g1RPY3R8oGKgVB2br7bEaWy2ke5icno", "created_at": "2025-09-21T08:00:54.232Z", "expires_at": "2025-09-28T08:00:54Z"}}, {"model": "token_blacklist.outstandingtoken", "pk": 20, "fields": {"user": ["firo744@gmail.com"], "jti": "6f336da766674b3ab19c1ed1ee985c2d", "token": "eyJhbGciOiJIUzI1NiIsInR5cCI6IkpXVCJ9.eyJ0b2tlbl90eXBlIjoicmVmcmVzaCIsImV4cCI6MTc1OTA0NjgyMSwiaWF0IjoxNzU4NDQyMDIxLCJqdGkiOiI2ZjMzNmRhNzY2Njc0YjNhYjE5YzFlZDFlZTk4NWMyZCIsInVzZXJfaWQiOiIxIn0.zAXtMZ5PeP4twSZl9_9b5vCo9R00pRzQNuLkaiyqgvI", "created_at": "2025-09-21T08:07:01.417Z", "expires_at": "2025-09-28T08:07:01Z"}}, {"model": "token_blacklist.outstandingtoken", "pk": 21, "fields": {"user": ["firo744@gmail.com"], "jti": "74853e51c9024335b1d119458d7cd71b", "token": "eyJhbGciOiJIUzI1NiIsInR5cCI6IkpXVCJ9.eyJ0b2tlbl90eXBlIjoicmVmcmVzaCIsImV4cCI6MTc1OTA0OTU2NCwiaWF0IjoxNzU4NDQ0NzY0LCJqdGkiOiI3NDg1M2U1MWM5MDI0MzM1YjFkMTE5NDU4ZDdjZDcxYiIsInVzZXJfaWQiOiIxIn0.bOze-fWdHsym8Z075kHjIKjW0tUZBZjQ0LE5qnxYcD0", "created_at": "2025-09-21T08:52:44.141Z", "expires_at": "2025-09-28T08:52:44Z"}}, {"model": "token_blacklist.outstandingtoken", "pk": 22, "fields": {"user": null, "jti": "5ac623599eac47608c516affc15fa8c0", "token": "eyJhbGciOiJIUzI1NiIsInR5cCI6IkpXVCJ9.eyJ0b2tlbl90eXBlIjoicmVmcmVzaCIsImV4cCI6MTc1OTA1MDMwMSwiaWF0IjoxNzU4NDQ1NTAxLCJqdGkiOiI1YWM2MjM1OTllYWM0NzYwOGM1MTZhZmZjMTVmYThjMCIsInVzZXJfaWQiOiIzIn0.rzzDIEhqcio8azYee3fswywlDoPwPqOqZCl03mbEvv4", "created_at": "2025-09-21T09:05:01.669Z", "expires_at": "2025-09-28T09:05:01Z"}}, {"model": "token_blacklist.outstandingtoken", "pk": 23, "fields": {"user": ["firo744@gmail.com"], "jti": "64ab0d1b8eed430ea2116ebf9e898665", "token": "eyJhbGciOiJIUzI1NiIsInR5cCI6IkpXVCJ9.eyJ0b2tlbl90eXBlIjoicmVmcmVzaCIsImV4cCI6MTc1OTA1MTM4NSwiaWF0IjoxNzU4NDQ2NTg1LCJqdGkiOiI2NGFiMGQxYjhlZWQ0MzBlYTIxMTZlYmY5ZTg5ODY2NSIsInVzZXJfaWQiOiIxIn0.JPuewBXkZa94XUhQjsV87onOf34I2vPpqcAU7x75L7M", "created_at": "2025-09-21T09:23:05.295Z", "expires_at": "2025-09-28T09:23:05Z"}}]